{
  "name": "Brand - GitHub",
  "colors": [
    {
      "name": "bg",
      "hex": "#24292e",
      "rgb": {
        "r": 0.14117647,
        "g": 0.16078431,
        "b": 0.18039216,
        "a": 1.0,
        "r255": 36,
        "g255": 41,
        "b255": 46,
        "a100": 100
      }
    },
    {
      "name": "fg",
      "hex": "#ffffff",
      "rgb": {
        "r": 1.0,
        "g": 1.0,
        "b": 1.0,
        "a": 1.0,
        "r255": 255,
        "g255": 255,
        "b255": 255,
        "a100": 100
      }
    },
    {
      "name": "blue",
      "hex": "#0366d6",
      "rgb": {
        "r": 0.01176471,
        "g": 0.4,
        "b": 0.83921569,
        "a": 1.0,
        "r255": 3,
        "g255": 102,
        "b255": 214,
        "a100": 100
      }
    },
    {
      "name": "green",
      "hex": "#28a745",
      "rgb": {
        "r": 0.15686275,
        "g": 0.65490196,
        "b": 0.27058824,
        "a": 1.0,
        "r255": 40,
        "g255": 167,
        "b255": 69,
        "a100": 100
      }
    }
  ]
}
